{"stats":{"minecraft:mined":{"minecraft:birch_log":1,"minecraft:grass":1,"minecraft:coal_ore":2,"minecraft:grass_block":5,"minecraft:oak_log":6,"minecraft:dirt":4,"minecraft:stone":21,"minecraft:oak_leaves":13},"minecraft:picked_up":{"minecraft:birch_log":1,"minecraft:stick":1,"minecraft:oak_log":6,"minecraft:dirt":9,"mysticalagriculture:inferium_essence":1,"minecraft:poppy":1,"minecraft:oak_sapling":1,"minecraft:cobblestone":6},"minecraft:killed":{"grimoireofgaia:cyan_flower":1},"minecraft:dropped":{"minecraft:dirt":3,"born_in_chaos_v1:supreme_measure":2},"minecraft:crafted":{"minecraft:oak_planks":7,"minecraft:crafting_table":1,"minecraft:stick":9,"minecraft:wooden_pickaxe":1,"minecraft:wooden_axe":1,"minecraft:stone_axe":1,"minecraft:air":17},"minecraft:custom":{"minecraft:time_since_rest":15155,"minecraft:sprint_one_cm":14165,"minecraft:damage_taken":40,"minecraft:walk_one_cm":14254,"minecraft:mob_kills":1,"minecraft:drop":5,"minecraft:damage_dealt":25,"minecraft:interact_with_crafting_table":4,"minecraft:fly_one_cm":16753,"minecraft:crouch_one_cm":665,"minecraft:play_time":15155,"minecraft:sneak_time":277,"minecraft:jump":131,"minecraft:leave_game":2,"minecraft:time_since_death":15155,"minecraft:total_world_time":15155,"minecraft:fall_one_cm":5478},"minecraft:used":{"minecraft:oak_log":1,"mysticalagriculture:imperium_pickaxe":6,"mysticalagriculture:imperium_shovel":4,"minecraft:wooden_axe":2,"minecraft:wooden_pickaxe":16,"minecraft:stone_axe":2,"mysticalagriculture:supremium_pickaxe":3,"minecraft:dirt":1,"minecraft:crafting_table":1,"mysticalagriculture:supremium_shovel":2,"mysticalagriculture:awakened_supremium_pickaxe":11}},"DataVersion":3120}