{"stats":{"minecraft:mined":{"minecraft:grass":1,"minecraft:grass_block":3,"minecraft:oak_log":6,"minecraft:birch_log":1,"minecraft:stone":3,"minecraft:oak_leaves":13},"minecraft:picked_up":{"minecraft:stick":1,"mysticalagriculture:inferium_essence":1,"minecraft:oak_log":6,"minecraft:poppy":1,"minecraft:oak_sapling":1,"minecraft:birch_log":1,"minecraft:dirt":4,"minecraft:cobblestone":3},"minecraft:killed":{"grimoireofgaia:cyan_flower":1},"minecraft:dropped":{"minecraft:dirt":1},"minecraft:crafted":{"minecraft:oak_planks":7,"minecraft:stone_axe":1,"minecraft:crafting_table":1,"minecraft:stick":9,"minecraft:wooden_pickaxe":1,"minecraft:air":17,"minecraft:wooden_axe":1},"minecraft:custom":{"minecraft:crouch_one_cm":290,"minecraft:time_since_rest":6502,"minecraft:play_time":6502,"minecraft:sprint_one_cm":12666,"minecraft:damage_taken":40,"minecraft:walk_one_cm":10395,"minecraft:sneak_time":126,"minecraft:mob_kills":1,"minecraft:drop":1,"minecraft:jump":120,"minecraft:damage_dealt":25,"minecraft:leave_game":1,"minecraft:time_since_death":6502,"minecraft:total_world_time":6502,"minecraft:interact_with_crafting_table":4,"minecraft:fall_one_cm":5478,"minecraft:fly_one_cm":15999},"minecraft:used":{"minecraft:stone_axe":2,"minecraft:oak_log":1,"minecraft:wooden_axe":2,"minecraft:dirt":1,"minecraft:crafting_table":1,"minecraft:wooden_pickaxe":16}},"DataVersion":3120}